;sampling_date;sample_source;timing;analysis;mean;sd
1;20190911;BODAC_1_effluent;after_backwash;atenolol;0.08;NA
2;20190911;BODAC_1_effluent;before_backwash;atenolol;0.03;NA
3;20190911;BODAC_2_effluent;after_backwash;atenolol;0.01;NA
4;20190911;BODAC_2_effluent;before_backwash;atenolol;0;NA
5;20190911;UF_permeate;after_backwash;atenolol;0.23;NA
6;20190911;UF_permeate;before_backwash;atenolol;0.25;NA
7;20191212;BODAC_1_effluent;after_backwash;atenolol;NA;NA
8;20191212;BODAC_1_effluent;before_backwash;atenolol;NA;NA
9;20191212;BODAC_2_effluent;after_backwash;atenolol;NA;NA
10;20191212;BODAC_2_effluent;before_backwash;atenolol;NA;NA
11;20191212;UF_permeate;after_backwash;atenolol;0.39;0.22
12;20191212;UF_permeate;before_backwash;atenolol;0.55;0.07
13;20200304;BODAC_1_effluent;after_backwash;atenolol;0.14;0.02
14;20200304;BODAC_1_effluent;before_backwash;atenolol;0.12;NA
15;20200304;BODAC_2_effluent;after_backwash;atenolol;NA;NA
16;20200304;BODAC_2_effluent;before_backwash;atenolol;NA;NA
17;20200304;UF_permeate;after_backwash;atenolol;0.33;0.03
18;20200304;UF_permeate;before_backwash;atenolol;0.35;0.04
19;20200625;BODAC_1_effluent;after_backwash;atenolol;0.1;0
20;20200625;BODAC_1_effluent;before_backwash;atenolol;0.07;0.02
21;20200625;BODAC_2_effluent;after_backwash;atenolol;NA;NA
22;20200625;BODAC_2_effluent;before_backwash;atenolol;NA;NA
23;20200625;UF_permeate;after_backwash;atenolol;0.28;0.01
24;20200625;UF_permeate;before_backwash;atenolol;0.37;0.01
25;20200915;BODAC_1_effluent;after_backwash;atenolol;0.15;0.02
26;20200915;BODAC_1_effluent;before_backwash;atenolol;0.08;0.02
27;20200915;BODAC_2_effluent;after_backwash;atenolol;NA;NA
28;20200915;BODAC_2_effluent;before_backwash;atenolol;NA;NA
29;20200915;UF_permeate;after_backwash;atenolol;0.39;0.02
30;20200915;UF_permeate;before_backwash;atenolol;0.59;0.03
31;20201214;BODAC_1_effluent;after_backwash;atenolol;0.11;0.01
32;20201214;BODAC_1_effluent;before_backwash;atenolol;0.12;0.01
33;20201214;BODAC_2_effluent;after_backwash;atenolol;NA;NA
34;20201214;BODAC_2_effluent;before_backwash;atenolol;NA;NA
35;20201214;UF_permeate;after_backwash;atenolol;0.23;0.01
36;20201214;UF_permeate;before_backwash;atenolol;0.5;0
37;20210317;BODAC_1_effluent;after_backwash;atenolol;0.18;0.06
38;20210317;BODAC_1_effluent;before_backwash;atenolol;0.15;0.02
39;20210317;BODAC_2_effluent;after_backwash;atenolol;0.08;NA
40;20210317;BODAC_2_effluent;before_backwash;atenolol;NA;NA
41;20210317;UF_permeate;after_backwash;atenolol;0.33;0.07
42;20210317;UF_permeate;before_backwash;atenolol;0.29;0.04
43;20210325;BODAC_1_effluent;before_backwash;atenolol;0.22;0
44;20210325;BODAC_2_effluent;before_backwash;atenolol;0.08;0.01
45;20210325;UF_permeate;before_backwash;atenolol;0.44;0.03
46;20210616;BODAC_1_effluent;after_backwash;atenolol;0.06;NA
47;20210616;BODAC_1_effluent;before_backwash;atenolol;0.12;0.01
48;20210616;BODAC_2_effluent;after_backwash;atenolol;NA;NA
49;20210616;BODAC_2_effluent;before_backwash;atenolol;NA;NA
50;20210616;UF_permeate;after_backwash;atenolol;NA;NA
51;20210616;UF_permeate;before_backwash;atenolol;0.16;0.03
52;20210901;BODAC_1_effluent;after_backwash;atenolol;0.1;0
53;20210901;BODAC_1_effluent;before_backwash;atenolol;0.07;0.01
54;20210901;BODAC_2_effluent;after_backwash;atenolol;NA;NA
55;20210901;BODAC_2_effluent;before_backwash;atenolol;NA;NA
56;20210901;UF_permeate;after_backwash;atenolol;0.35;0
57;20210901;UF_permeate;before_backwash;atenolol;0.35;0.04
58;20210908;BODAC_1_effluent;after_backwash;atenolol;0.07;0.02
59;20210908;BODAC_1_effluent;before_backwash;atenolol;0.06;NA
60;20210908;BODAC_2_effluent;after_backwash;atenolol;NA;NA
61;20210908;BODAC_2_effluent;before_backwash;atenolol;NA;NA
62;20210908;UF_permeate;after_backwash;atenolol;0.39;0.01
63;20210908;UF_permeate;before_backwash;atenolol;0.41;0.01
64;20190911;BODAC_1_effluent;after_backwash;benzotriazole;2.88;NA
65;20190911;BODAC_1_effluent;before_backwash;benzotriazole;2.95;NA
66;20190911;BODAC_2_effluent;after_backwash;benzotriazole;2.94;NA
67;20190911;BODAC_2_effluent;before_backwash;benzotriazole;2.77;NA
68;20190911;UF_permeate;after_backwash;benzotriazole;2.75;NA
69;20190911;UF_permeate;before_backwash;benzotriazole;2.58;NA
70;20191212;BODAC_1_effluent;after_backwash;benzotriazole;2.25;0.14
71;20191212;BODAC_1_effluent;before_backwash;benzotriazole;2.09;0.09
72;20191212;BODAC_2_effluent;after_backwash;benzotriazole;1.82;0.04
73;20191212;BODAC_2_effluent;before_backwash;benzotriazole;1.69;0.02
74;20191212;UF_permeate;after_backwash;benzotriazole;2.68;0.07
75;20191212;UF_permeate;before_backwash;benzotriazole;2.92;0.12
76;20200304;BODAC_1_effluent;after_backwash;benzotriazole;2.3;0.02
77;20200304;BODAC_1_effluent;before_backwash;benzotriazole;2.19;0.1
78;20200304;BODAC_2_effluent;after_backwash;benzotriazole;2.05;0.03
79;20200304;BODAC_2_effluent;before_backwash;benzotriazole;2.03;0.04
80;20200304;UF_permeate;after_backwash;benzotriazole;2.51;0.05
81;20200304;UF_permeate;before_backwash;benzotriazole;2.68;0.09
82;20200625;BODAC_1_effluent;after_backwash;benzotriazole;3.9;0.11
83;20200625;BODAC_1_effluent;before_backwash;benzotriazole;3.81;0.03
84;20200625;BODAC_2_effluent;after_backwash;benzotriazole;3.74;0.04
85;20200625;BODAC_2_effluent;before_backwash;benzotriazole;3.55;0.11
86;20200625;UF_permeate;after_backwash;benzotriazole;3.84;0.07
87;20200625;UF_permeate;before_backwash;benzotriazole;4.08;0.04
88;20200915;BODAC_1_effluent;after_backwash;benzotriazole;4.48;0.06
89;20200915;BODAC_1_effluent;before_backwash;benzotriazole;4.12;0.07
90;20200915;BODAC_2_effluent;after_backwash;benzotriazole;3.85;0.02
91;20200915;BODAC_2_effluent;before_backwash;benzotriazole;3.78;0.09
92;20200915;UF_permeate;after_backwash;benzotriazole;4.23;0.18
93;20200915;UF_permeate;before_backwash;benzotriazole;4.25;0.11
94;20201214;BODAC_1_effluent;after_backwash;benzotriazole;2.26;0.01
95;20201214;BODAC_1_effluent;before_backwash;benzotriazole;2.58;0.02
96;20201214;BODAC_2_effluent;after_backwash;benzotriazole;2.22;0.01
97;20201214;BODAC_2_effluent;before_backwash;benzotriazole;2.27;0.01
98;20201214;UF_permeate;after_backwash;benzotriazole;2.45;0
99;20201214;UF_permeate;before_backwash;benzotriazole;3.66;0.01
100;20210317;BODAC_1_effluent;after_backwash;benzotriazole;2.38;0.01
101;20210317;BODAC_1_effluent;before_backwash;benzotriazole;2.43;0.03
102;20210317;BODAC_2_effluent;after_backwash;benzotriazole;2.41;0.04
103;20210317;BODAC_2_effluent;before_backwash;benzotriazole;2.24;0.01
104;20210317;UF_permeate;after_backwash;benzotriazole;3.01;0.07
105;20210317;UF_permeate;before_backwash;benzotriazole;2.86;0.11
106;20210325;BODAC_1_effluent;before_backwash;benzotriazole;2.68;0
107;20210325;BODAC_2_effluent;before_backwash;benzotriazole;2.45;0.02
108;20210325;UF_permeate;before_backwash;benzotriazole;3.17;0.07
109;20210616;BODAC_1_effluent;after_backwash;benzotriazole;3.84;0.19
110;20210616;BODAC_1_effluent;before_backwash;benzotriazole;3.88;0.01
111;20210616;BODAC_2_effluent;after_backwash;benzotriazole;3.86;0.13
112;20210616;BODAC_2_effluent;before_backwash;benzotriazole;4.28;0.13
113;20210616;UF_permeate;after_backwash;benzotriazole;1.81;0.02
114;20210616;UF_permeate;before_backwash;benzotriazole;1.25;0.07
115;20210901;BODAC_1_effluent;after_backwash;benzotriazole;2.87;0.01
116;20210901;BODAC_1_effluent;before_backwash;benzotriazole;2.67;0.16
117;20210901;BODAC_2_effluent;after_backwash;benzotriazole;3.5;0.02
118;20210901;BODAC_2_effluent;before_backwash;benzotriazole;3.38;0.06
119;20210901;UF_permeate;after_backwash;benzotriazole;1.99;0.01
120;20210901;UF_permeate;before_backwash;benzotriazole;1.66;0
121;20210908;BODAC_1_effluent;after_backwash;benzotriazole;3.06;0.09
122;20210908;BODAC_1_effluent;before_backwash;benzotriazole;2.94;0
123;20210908;BODAC_2_effluent;after_backwash;benzotriazole;3.7;0.04
124;20210908;BODAC_2_effluent;before_backwash;benzotriazole;3.51;0.01
125;20210908;UF_permeate;after_backwash;benzotriazole;2.22;0.02
126;20210908;UF_permeate;before_backwash;benzotriazole;2.1;0.11
127;20190911;BODAC_1_effluent;after_backwash;carbamazepine;0.43;NA
128;20190911;BODAC_1_effluent;before_backwash;carbamazepine;0.45;NA
129;20190911;BODAC_2_effluent;after_backwash;carbamazepine;0.37;NA
130;20190911;BODAC_2_effluent;before_backwash;carbamazepine;0.33;NA
131;20190911;UF_permeate;after_backwash;carbamazepine;0.49;NA
132;20190911;UF_permeate;before_backwash;carbamazepine;0.47;NA
133;20191212;BODAC_1_effluent;after_backwash;carbamazepine;0.35;0.14
134;20191212;BODAC_1_effluent;before_backwash;carbamazepine;0.42;0.05
135;20191212;BODAC_2_effluent;after_backwash;carbamazepine;0.31;0.1
136;20191212;BODAC_2_effluent;before_backwash;carbamazepine;0.38;0.03
137;20191212;UF_permeate;after_backwash;carbamazepine;0.43;0.08
138;20191212;UF_permeate;before_backwash;carbamazepine;0.31;0.05
139;20200304;BODAC_1_effluent;after_backwash;carbamazepine;0.3;0.02
140;20200304;BODAC_1_effluent;before_backwash;carbamazepine;0.32;0.01
141;20200304;BODAC_2_effluent;after_backwash;carbamazepine;0.29;0.01
142;20200304;BODAC_2_effluent;before_backwash;carbamazepine;0.3;0.02
143;20200304;UF_permeate;after_backwash;carbamazepine;0.33;0.02
144;20200304;UF_permeate;before_backwash;carbamazepine;0.32;0.03
145;20200625;BODAC_1_effluent;after_backwash;carbamazepine;0.52;0.03
146;20200625;BODAC_1_effluent;before_backwash;carbamazepine;0.53;0.01
147;20200625;BODAC_2_effluent;after_backwash;carbamazepine;0.45;0.02
148;20200625;BODAC_2_effluent;before_backwash;carbamazepine;0.43;0.01
149;20200625;UF_permeate;after_backwash;carbamazepine;0.63;0.03
150;20200625;UF_permeate;before_backwash;carbamazepine;0.71;0.01
151;20200915;BODAC_1_effluent;after_backwash;carbamazepine;0.49;0.01
152;20200915;BODAC_1_effluent;before_backwash;carbamazepine;0.51;0.03
153;20200915;BODAC_2_effluent;after_backwash;carbamazepine;0.43;0.01
154;20200915;BODAC_2_effluent;before_backwash;carbamazepine;0.41;0.01
155;20200915;UF_permeate;after_backwash;carbamazepine;0.59;0.01
156;20200915;UF_permeate;before_backwash;carbamazepine;0.71;0.01
157;20201214;BODAC_1_effluent;after_backwash;carbamazepine;0.32;0.05
158;20201214;BODAC_1_effluent;before_backwash;carbamazepine;0.41;0.05
159;20201214;BODAC_2_effluent;after_backwash;carbamazepine;0.32;0.04
160;20201214;BODAC_2_effluent;before_backwash;carbamazepine;0.29;0.04
161;20201214;UF_permeate;after_backwash;carbamazepine;0.33;0.07
162;20201214;UF_permeate;before_backwash;carbamazepine;0.5;0.05
163;20210317;BODAC_1_effluent;after_backwash;carbamazepine;0.39;0.01
164;20210317;BODAC_1_effluent;before_backwash;carbamazepine;0.36;0.01
165;20210317;BODAC_2_effluent;after_backwash;carbamazepine;0.42;0.06
166;20210317;BODAC_2_effluent;before_backwash;carbamazepine;0.38;0.06
167;20210317;UF_permeate;after_backwash;carbamazepine;0.37;0.03
168;20210317;UF_permeate;before_backwash;carbamazepine;0.32;0.03
169;20210325;BODAC_1_effluent;before_backwash;carbamazepine;0.5;0.04
170;20210325;BODAC_2_effluent;before_backwash;carbamazepine;0.42;0.01
171;20210325;UF_permeate;before_backwash;carbamazepine;0.54;0.02
172;20210616;BODAC_1_effluent;after_backwash;carbamazepine;0.49;0.06
173;20210616;BODAC_1_effluent;before_backwash;carbamazepine;0.52;0.01
174;20210616;BODAC_2_effluent;after_backwash;carbamazepine;0.51;0.01
175;20210616;BODAC_2_effluent;before_backwash;carbamazepine;0.5;0.01
176;20210616;UF_permeate;after_backwash;carbamazepine;0.25;0.01
177;20210616;UF_permeate;before_backwash;carbamazepine;0.32;0.05
178;20210901;BODAC_1_effluent;after_backwash;carbamazepine;0.49;NA
179;20210901;BODAC_1_effluent;before_backwash;carbamazepine;0.49;0.06
180;20210901;BODAC_2_effluent;after_backwash;carbamazepine;0.4;0.05
181;20210901;BODAC_2_effluent;before_backwash;carbamazepine;0.49;0.04
182;20210901;UF_permeate;after_backwash;carbamazepine;0.61;0.01
183;20210901;UF_permeate;before_backwash;carbamazepine;0.62;0.03
184;20210908;BODAC_1_effluent;after_backwash;carbamazepine;0.6;0.02
185;20210908;BODAC_1_effluent;before_backwash;carbamazepine;0.53;0.05
186;20210908;BODAC_2_effluent;after_backwash;carbamazepine;0.52;0.02
187;20210908;BODAC_2_effluent;before_backwash;carbamazepine;0.44;0.03
188;20210908;UF_permeate;after_backwash;carbamazepine;0.72;0
189;20210908;UF_permeate;before_backwash;carbamazepine;0.74;0.01
190;20190911;BODAC_1_effluent;after_backwash;clarithromycin;0.02;NA
191;20190911;BODAC_1_effluent;before_backwash;clarithromycin;0.02;NA
192;20190911;BODAC_2_effluent;after_backwash;clarithromycin;0;NA
193;20190911;BODAC_2_effluent;before_backwash;clarithromycin;0;NA
194;20190911;UF_permeate;after_backwash;clarithromycin;0.07;NA
195;20190911;UF_permeate;before_backwash;clarithromycin;0.05;NA
196;20191212;BODAC_1_effluent;after_backwash;clarithromycin;0.03;0.01
197;20191212;BODAC_1_effluent;before_backwash;clarithromycin;0.05;0.02
198;20191212;BODAC_2_effluent;after_backwash;clarithromycin;NA;NA
199;20191212;BODAC_2_effluent;before_backwash;clarithromycin;NA;NA
200;20191212;UF_permeate;after_backwash;clarithromycin;0.09;0.02
201;20191212;UF_permeate;before_backwash;clarithromycin;0.11;0.02
202;20200304;BODAC_1_effluent;after_backwash;clarithromycin;0.07;0.01
203;20200304;BODAC_1_effluent;before_backwash;clarithromycin;0.09;0.02
204;20200304;BODAC_2_effluent;after_backwash;clarithromycin;0.03;NA
205;20200304;BODAC_2_effluent;before_backwash;clarithromycin;0.05;NA
206;20200304;UF_permeate;after_backwash;clarithromycin;0.13;0.01
207;20200304;UF_permeate;before_backwash;clarithromycin;0.1;0.02
208;20200625;BODAC_1_effluent;after_backwash;clarithromycin;0.05;0.01
209;20200625;BODAC_1_effluent;before_backwash;clarithromycin;0.06;0.01
210;20200625;BODAC_2_effluent;after_backwash;clarithromycin;NA;NA
211;20200625;BODAC_2_effluent;before_backwash;clarithromycin;NA;NA
212;20200625;UF_permeate;after_backwash;clarithromycin;0.09;0.01
213;20200625;UF_permeate;before_backwash;clarithromycin;0.11;0.01
214;20200915;BODAC_1_effluent;after_backwash;clarithromycin;NA;NA
215;20200915;BODAC_1_effluent;before_backwash;clarithromycin;NA;NA
216;20200915;BODAC_2_effluent;after_backwash;clarithromycin;NA;NA
217;20200915;BODAC_2_effluent;before_backwash;clarithromycin;NA;NA
218;20200915;UF_permeate;after_backwash;clarithromycin;NA;NA
219;20200915;UF_permeate;before_backwash;clarithromycin;NA;NA
220;20201214;BODAC_1_effluent;after_backwash;clarithromycin;NA;NA
221;20201214;BODAC_1_effluent;before_backwash;clarithromycin;0.06;0
222;20201214;BODAC_2_effluent;after_backwash;clarithromycin;NA;NA
223;20201214;BODAC_2_effluent;before_backwash;clarithromycin;NA;NA
224;20201214;UF_permeate;after_backwash;clarithromycin;0.06;0
225;20201214;UF_permeate;before_backwash;clarithromycin;0.09;0
226;20210317;BODAC_1_effluent;after_backwash;clarithromycin;NA;NA
227;20210317;BODAC_1_effluent;before_backwash;clarithromycin;NA;NA
228;20210317;BODAC_2_effluent;after_backwash;clarithromycin;NA;NA
229;20210317;BODAC_2_effluent;before_backwash;clarithromycin;NA;NA
230;20210317;UF_permeate;after_backwash;clarithromycin;0.07;NA
231;20210317;UF_permeate;before_backwash;clarithromycin;0.06;0
232;20210325;BODAC_1_effluent;before_backwash;clarithromycin;0.08;0.01
233;20210325;BODAC_2_effluent;before_backwash;clarithromycin;NA;NA
234;20210325;UF_permeate;before_backwash;clarithromycin;0.1;0.01
235;20210616;BODAC_1_effluent;after_backwash;clarithromycin;NA;NA
236;20210616;BODAC_1_effluent;before_backwash;clarithromycin;NA;NA
237;20210616;BODAC_2_effluent;after_backwash;clarithromycin;NA;NA
238;20210616;BODAC_2_effluent;before_backwash;clarithromycin;NA;NA
239;20210616;UF_permeate;after_backwash;clarithromycin;NA;NA
240;20210616;UF_permeate;before_backwash;clarithromycin;NA;NA
241;20210901;BODAC_1_effluent;after_backwash;clarithromycin;NA;NA
242;20210901;BODAC_1_effluent;before_backwash;clarithromycin;NA;NA
243;20210901;BODAC_2_effluent;after_backwash;clarithromycin;NA;NA
244;20210901;BODAC_2_effluent;before_backwash;clarithromycin;NA;NA
245;20210901;UF_permeate;after_backwash;clarithromycin;NA;NA
246;20210901;UF_permeate;before_backwash;clarithromycin;NA;NA
247;20210908;BODAC_1_effluent;after_backwash;clarithromycin;NA;NA
248;20210908;BODAC_1_effluent;before_backwash;clarithromycin;NA;NA
249;20210908;BODAC_2_effluent;after_backwash;clarithromycin;NA;NA
250;20210908;BODAC_2_effluent;before_backwash;clarithromycin;NA;NA
251;20210908;UF_permeate;after_backwash;clarithromycin;NA;NA
252;20210908;UF_permeate;before_backwash;clarithromycin;0.06;0.01
253;20190911;BODAC_1_effluent;after_backwash;diclofenac;0.06;NA
254;20190911;BODAC_1_effluent;before_backwash;diclofenac;0.09;NA
255;20190911;BODAC_2_effluent;after_backwash;diclofenac;0.02;NA
256;20190911;BODAC_2_effluent;before_backwash;diclofenac;0;NA
257;20190911;UF_permeate;after_backwash;diclofenac;0.34;NA
258;20190911;UF_permeate;before_backwash;diclofenac;0.38;NA
259;20191212;BODAC_1_effluent;after_backwash;diclofenac;0.07;NA
260;20191212;BODAC_1_effluent;before_backwash;diclofenac;0.07;0.02
261;20191212;BODAC_2_effluent;after_backwash;diclofenac;NA;NA
262;20191212;BODAC_2_effluent;before_backwash;diclofenac;NA;NA
263;20191212;UF_permeate;after_backwash;diclofenac;0.26;0.02
264;20191212;UF_permeate;before_backwash;diclofenac;0.32;0.03
265;20200304;BODAC_1_effluent;after_backwash;diclofenac;0.08;0
266;20200304;BODAC_1_effluent;before_backwash;diclofenac;0.16;0
267;20200304;BODAC_2_effluent;after_backwash;diclofenac;NA;NA
268;20200304;BODAC_2_effluent;before_backwash;diclofenac;NA;NA
269;20200304;UF_permeate;after_backwash;diclofenac;0.18;0.02
270;20200304;UF_permeate;before_backwash;diclofenac;0.22;0.03
271;20200625;BODAC_1_effluent;after_backwash;diclofenac;0.08;0
272;20200625;BODAC_1_effluent;before_backwash;diclofenac;0.17;0.01
273;20200625;BODAC_2_effluent;after_backwash;diclofenac;NA;NA
274;20200625;BODAC_2_effluent;before_backwash;diclofenac;NA;NA
275;20200625;UF_permeate;after_backwash;diclofenac;0.49;0.03
276;20200625;UF_permeate;before_backwash;diclofenac;0.17;0.03
277;20200915;BODAC_1_effluent;after_backwash;diclofenac;0.17;0.03
278;20200915;BODAC_1_effluent;before_backwash;diclofenac;0.16;0.06
279;20200915;BODAC_2_effluent;after_backwash;diclofenac;NA;NA
280;20200915;BODAC_2_effluent;before_backwash;diclofenac;NA;NA
281;20200915;UF_permeate;after_backwash;diclofenac;0.4;0.01
282;20200915;UF_permeate;before_backwash;diclofenac;0.58;0.07
283;20201214;BODAC_1_effluent;after_backwash;diclofenac;0.09;NA
284;20201214;BODAC_1_effluent;before_backwash;diclofenac;0.14;0.07
285;20201214;BODAC_2_effluent;after_backwash;diclofenac;NA;NA
286;20201214;BODAC_2_effluent;before_backwash;diclofenac;NA;NA
287;20201214;UF_permeate;after_backwash;diclofenac;0.07;0
288;20201214;UF_permeate;before_backwash;diclofenac;0.08;NA
289;20210317;BODAC_1_effluent;after_backwash;diclofenac;0.22;0.01
290;20210317;BODAC_1_effluent;before_backwash;diclofenac;NA;NA
291;20210317;BODAC_2_effluent;after_backwash;diclofenac;NA;NA
292;20210317;BODAC_2_effluent;before_backwash;diclofenac;NA;NA
293;20210317;UF_permeate;after_backwash;diclofenac;0.33;0.04
294;20210317;UF_permeate;before_backwash;diclofenac;0.35;0.01
295;20210325;BODAC_1_effluent;before_backwash;diclofenac;0.34;0.02
296;20210325;BODAC_2_effluent;before_backwash;diclofenac;NA;NA
297;20210325;UF_permeate;before_backwash;diclofenac;0.7;0.01
298;20210616;BODAC_1_effluent;after_backwash;diclofenac;NA;NA
299;20210616;BODAC_1_effluent;before_backwash;diclofenac;NA;NA
300;20210616;BODAC_2_effluent;after_backwash;diclofenac;NA;NA
301;20210616;BODAC_2_effluent;before_backwash;diclofenac;NA;NA
302;20210616;UF_permeate;after_backwash;diclofenac;NA;NA
303;20210616;UF_permeate;before_backwash;diclofenac;0.17;0
304;20210901;BODAC_1_effluent;after_backwash;diclofenac;NA;NA
305;20210901;BODAC_1_effluent;before_backwash;diclofenac;0.06;0.01
306;20210901;BODAC_2_effluent;after_backwash;diclofenac;NA;NA
307;20210901;BODAC_2_effluent;before_backwash;diclofenac;NA;NA
308;20210901;UF_permeate;after_backwash;diclofenac;0.32;0.02
309;20210901;UF_permeate;before_backwash;diclofenac;0.44;0.05
310;20210908;BODAC_1_effluent;after_backwash;diclofenac;0.05;NA
311;20210908;BODAC_1_effluent;before_backwash;diclofenac;0.05;NA
312;20210908;BODAC_2_effluent;after_backwash;diclofenac;NA;NA
313;20210908;BODAC_2_effluent;before_backwash;diclofenac;NA;NA
314;20210908;UF_permeate;after_backwash;diclofenac;0.37;0.03
315;20210908;UF_permeate;before_backwash;diclofenac;0.34;0.07
316;20190911;BODAC_1_effluent;after_backwash;gabapentin;0.45;NA
317;20190911;BODAC_1_effluent;before_backwash;gabapentin;0.5;NA
318;20190911;BODAC_2_effluent;after_backwash;gabapentin;0.35;NA
319;20190911;BODAC_2_effluent;before_backwash;gabapentin;0.33;NA
320;20190911;UF_permeate;after_backwash;gabapentin;0.88;NA
321;20190911;UF_permeate;before_backwash;gabapentin;1.01;NA
322;20191212;BODAC_1_effluent;after_backwash;gabapentin;1.67;0.13
323;20191212;BODAC_1_effluent;before_backwash;gabapentin;1.78;0.07
324;20191212;BODAC_2_effluent;after_backwash;gabapentin;0.73;0.15
325;20191212;BODAC_2_effluent;before_backwash;gabapentin;0.85;0.16
326;20191212;UF_permeate;after_backwash;gabapentin;2.72;0.34
327;20191212;UF_permeate;before_backwash;gabapentin;3.04;0.16
328;20200304;BODAC_1_effluent;after_backwash;gabapentin;2.61;0.03
329;20200304;BODAC_1_effluent;before_backwash;gabapentin;2.65;0.05
330;20200304;BODAC_2_effluent;after_backwash;gabapentin;2.2;0.01
331;20200304;BODAC_2_effluent;before_backwash;gabapentin;2.47;0.07
332;20200304;UF_permeate;after_backwash;gabapentin;2.79;0.04
333;20200304;UF_permeate;before_backwash;gabapentin;2.8;0.09
334;20200625;BODAC_1_effluent;after_backwash;gabapentin;0.72;0.02
335;20200625;BODAC_1_effluent;before_backwash;gabapentin;0.92;0.05
336;20200625;BODAC_2_effluent;after_backwash;gabapentin;0.53;0.02
337;20200625;BODAC_2_effluent;before_backwash;gabapentin;0.62;0.03
338;20200625;UF_permeate;after_backwash;gabapentin;1.15;0.08
339;20200625;UF_permeate;before_backwash;gabapentin;1.37;0.04
340;20200915;BODAC_1_effluent;after_backwash;gabapentin;0.74;0.02
341;20200915;BODAC_1_effluent;before_backwash;gabapentin;0.76;0.02
342;20200915;BODAC_2_effluent;after_backwash;gabapentin;0.68;0.05
343;20200915;BODAC_2_effluent;before_backwash;gabapentin;0.71;0.03
344;20200915;UF_permeate;after_backwash;gabapentin;0.71;0.01
345;20200915;UF_permeate;before_backwash;gabapentin;0.81;0.05
346;20201214;BODAC_1_effluent;after_backwash;gabapentin;1.18;0.01
347;20201214;BODAC_1_effluent;before_backwash;gabapentin;1.26;0.58
348;20201214;BODAC_2_effluent;after_backwash;gabapentin;1.02;0.02
349;20201214;BODAC_2_effluent;before_backwash;gabapentin;1.31;0.02
350;20201214;UF_permeate;after_backwash;gabapentin;1.19;0.01
351;20201214;UF_permeate;before_backwash;gabapentin;1.95;0.04
352;20210317;BODAC_1_effluent;after_backwash;gabapentin;2.51;0.13
353;20210317;BODAC_1_effluent;before_backwash;gabapentin;1.73;0.07
354;20210317;BODAC_2_effluent;after_backwash;gabapentin;1.31;0.02
355;20210317;BODAC_2_effluent;before_backwash;gabapentin;1.13;0.01
356;20210317;UF_permeate;after_backwash;gabapentin;2.83;0.05
357;20210317;UF_permeate;before_backwash;gabapentin;2.79;0.01
358;20210325;BODAC_1_effluent;before_backwash;gabapentin;5.14;0.12
359;20210325;BODAC_2_effluent;before_backwash;gabapentin;2.76;0.01
360;20210325;UF_permeate;before_backwash;gabapentin;5.7;0.06
361;20210616;BODAC_1_effluent;after_backwash;gabapentin;0.15;NA
362;20210616;BODAC_1_effluent;before_backwash;gabapentin;NA;NA
363;20210616;BODAC_2_effluent;after_backwash;gabapentin;0.18;0.02
364;20210616;BODAC_2_effluent;before_backwash;gabapentin;0.13;0.01
365;20210616;UF_permeate;after_backwash;gabapentin;0.23;0.03
366;20210616;UF_permeate;before_backwash;gabapentin;1.58;0.04
367;20210901;BODAC_1_effluent;after_backwash;gabapentin;0.7;0.01
368;20210901;BODAC_1_effluent;before_backwash;gabapentin;0.74;0.08
369;20210901;BODAC_2_effluent;after_backwash;gabapentin;0.62;0.06
370;20210901;BODAC_2_effluent;before_backwash;gabapentin;0.63;0.03
371;20210901;UF_permeate;after_backwash;gabapentin;1.28;0.01
372;20210901;UF_permeate;before_backwash;gabapentin;1.33;0.01
373;20210908;BODAC_1_effluent;after_backwash;gabapentin;0.74;0.06
374;20210908;BODAC_1_effluent;before_backwash;gabapentin;0.78;0.05
375;20210908;BODAC_2_effluent;after_backwash;gabapentin;0.55;0.04
376;20210908;BODAC_2_effluent;before_backwash;gabapentin;0.58;0.01
377;20210908;UF_permeate;after_backwash;gabapentin;1.52;0
378;20210908;UF_permeate;before_backwash;gabapentin;1.61;0.03
379;20190911;BODAC_1_effluent;after_backwash;hydrochlorothiazide;NA;NA
380;20190911;BODAC_1_effluent;before_backwash;hydrochlorothiazide;NA;NA
381;20190911;BODAC_2_effluent;after_backwash;hydrochlorothiazide;NA;NA
382;20190911;BODAC_2_effluent;before_backwash;hydrochlorothiazide;NA;NA
383;20190911;UF_permeate;after_backwash;hydrochlorothiazide;NA;NA
384;20190911;UF_permeate;before_backwash;hydrochlorothiazide;NA;NA
385;20191212;BODAC_1_effluent;after_backwash;hydrochlorothiazide;NA;NA
386;20191212;BODAC_1_effluent;before_backwash;hydrochlorothiazide;NA;NA
387;20191212;BODAC_2_effluent;after_backwash;hydrochlorothiazide;NA;NA
388;20191212;BODAC_2_effluent;before_backwash;hydrochlorothiazide;NA;NA
389;20191212;UF_permeate;after_backwash;hydrochlorothiazide;NA;NA
390;20191212;UF_permeate;before_backwash;hydrochlorothiazide;NA;NA
391;20200304;BODAC_1_effluent;after_backwash;hydrochlorothiazide;0.22;0.02
392;20200304;BODAC_1_effluent;before_backwash;hydrochlorothiazide;0.25;0.02
393;20200304;BODAC_2_effluent;after_backwash;hydrochlorothiazide;NA;NA
394;20200304;BODAC_2_effluent;before_backwash;hydrochlorothiazide;NA;NA
395;20200304;UF_permeate;after_backwash;hydrochlorothiazide;0.91;0.03
396;20200304;UF_permeate;before_backwash;hydrochlorothiazide;1;0.03
397;20200625;BODAC_1_effluent;after_backwash;hydrochlorothiazide;0.11;0.04
398;20200625;BODAC_1_effluent;before_backwash;hydrochlorothiazide;0.14;0.04
399;20200625;BODAC_2_effluent;after_backwash;hydrochlorothiazide;NA;NA
400;20200625;BODAC_2_effluent;before_backwash;hydrochlorothiazide;NA;NA
401;20200625;UF_permeate;after_backwash;hydrochlorothiazide;1.15;0.06
402;20200625;UF_permeate;before_backwash;hydrochlorothiazide;1.48;0.03
403;20200915;BODAC_1_effluent;after_backwash;hydrochlorothiazide;0.16;0
404;20200915;BODAC_1_effluent;before_backwash;hydrochlorothiazide;0.12;0
405;20200915;BODAC_2_effluent;after_backwash;hydrochlorothiazide;NA;NA
406;20200915;BODAC_2_effluent;before_backwash;hydrochlorothiazide;NA;NA
407;20200915;UF_permeate;after_backwash;hydrochlorothiazide;1.1;0.04
408;20200915;UF_permeate;before_backwash;hydrochlorothiazide;1.61;0.11
409;20201214;BODAC_1_effluent;after_backwash;hydrochlorothiazide;0.24;NA
410;20201214;BODAC_1_effluent;before_backwash;hydrochlorothiazide;0.24;NA
411;20201214;BODAC_2_effluent;after_backwash;hydrochlorothiazide;NA;NA
412;20201214;BODAC_2_effluent;before_backwash;hydrochlorothiazide;NA;NA
413;20201214;UF_permeate;after_backwash;hydrochlorothiazide;0.82;NA
414;20201214;UF_permeate;before_backwash;hydrochlorothiazide;1.7;NA
415;20210317;BODAC_1_effluent;after_backwash;hydrochlorothiazide;0.27;NA
416;20210317;BODAC_1_effluent;before_backwash;hydrochlorothiazide;0.24;0.03
417;20210317;BODAC_2_effluent;after_backwash;hydrochlorothiazide;NA;NA
418;20210317;BODAC_2_effluent;before_backwash;hydrochlorothiazide;NA;NA
419;20210317;UF_permeate;after_backwash;hydrochlorothiazide;0.83;0.04
420;20210317;UF_permeate;before_backwash;hydrochlorothiazide;0.98;0.01
421;20210325;BODAC_1_effluent;before_backwash;hydrochlorothiazide;0.55;0.11
422;20210325;BODAC_2_effluent;before_backwash;hydrochlorothiazide;NA;NA
423;20210325;UF_permeate;before_backwash;hydrochlorothiazide;2.02;0.01
424;20210616;BODAC_1_effluent;after_backwash;hydrochlorothiazide;NA;NA
425;20210616;BODAC_1_effluent;before_backwash;hydrochlorothiazide;NA;NA
426;20210616;BODAC_2_effluent;after_backwash;hydrochlorothiazide;NA;NA
427;20210616;BODAC_2_effluent;before_backwash;hydrochlorothiazide;NA;NA
428;20210616;UF_permeate;after_backwash;hydrochlorothiazide;NA;NA
429;20210616;UF_permeate;before_backwash;hydrochlorothiazide;0.81;0.14
430;20210901;BODAC_1_effluent;after_backwash;hydrochlorothiazide;0.1;NA
431;20210901;BODAC_1_effluent;before_backwash;hydrochlorothiazide;NA;NA
432;20210901;BODAC_2_effluent;after_backwash;hydrochlorothiazide;NA;NA
433;20210901;BODAC_2_effluent;before_backwash;hydrochlorothiazide;NA;NA
434;20210901;UF_permeate;after_backwash;hydrochlorothiazide;1.41;0.11
435;20210901;UF_permeate;before_backwash;hydrochlorothiazide;1.56;0.08
436;20210908;BODAC_1_effluent;after_backwash;hydrochlorothiazide;0.22;0.05
437;20210908;BODAC_1_effluent;before_backwash;hydrochlorothiazide;NA;NA
438;20210908;BODAC_2_effluent;after_backwash;hydrochlorothiazide;NA;NA
439;20210908;BODAC_2_effluent;before_backwash;hydrochlorothiazide;NA;NA
440;20210908;UF_permeate;after_backwash;hydrochlorothiazide;1.92;0.11
441;20210908;UF_permeate;before_backwash;hydrochlorothiazide;2.22;0.02
442;20190911;BODAC_1_effluent;after_backwash;Ibuprofen;NA;NA
443;20190911;BODAC_1_effluent;before_backwash;Ibuprofen;NA;NA
444;20190911;BODAC_2_effluent;after_backwash;Ibuprofen;NA;NA
445;20190911;BODAC_2_effluent;before_backwash;Ibuprofen;NA;NA
446;20190911;UF_permeate;after_backwash;Ibuprofen;NA;NA
447;20190911;UF_permeate;before_backwash;Ibuprofen;NA;NA
448;20191212;BODAC_1_effluent;after_backwash;Ibuprofen;NA;NA
449;20191212;BODAC_1_effluent;before_backwash;Ibuprofen;NA;NA
450;20191212;BODAC_2_effluent;after_backwash;Ibuprofen;NA;NA
451;20191212;BODAC_2_effluent;before_backwash;Ibuprofen;NA;NA
452;20191212;UF_permeate;after_backwash;Ibuprofen;NA;NA
453;20191212;UF_permeate;before_backwash;Ibuprofen;NA;NA
454;20200304;BODAC_1_effluent;after_backwash;Ibuprofen;NA;NA
455;20200304;BODAC_1_effluent;before_backwash;Ibuprofen;NA;NA
456;20200304;BODAC_2_effluent;after_backwash;Ibuprofen;NA;NA
457;20200304;BODAC_2_effluent;before_backwash;Ibuprofen;NA;NA
458;20200304;UF_permeate;after_backwash;Ibuprofen;NA;NA
459;20200304;UF_permeate;before_backwash;Ibuprofen;NA;NA
460;20200625;BODAC_1_effluent;after_backwash;Ibuprofen;NA;NA
461;20200625;BODAC_1_effluent;before_backwash;Ibuprofen;NA;NA
462;20200625;BODAC_2_effluent;after_backwash;Ibuprofen;NA;NA
463;20200625;BODAC_2_effluent;before_backwash;Ibuprofen;NA;NA
464;20200625;UF_permeate;after_backwash;Ibuprofen;0.42;NA
465;20200625;UF_permeate;before_backwash;Ibuprofen;0.46;0.14
466;20200915;BODAC_1_effluent;after_backwash;Ibuprofen;NA;NA
467;20200915;BODAC_1_effluent;before_backwash;Ibuprofen;NA;NA
468;20200915;BODAC_2_effluent;after_backwash;Ibuprofen;NA;NA
469;20200915;BODAC_2_effluent;before_backwash;Ibuprofen;NA;NA
470;20200915;UF_permeate;after_backwash;Ibuprofen;0.94;0.13
471;20200915;UF_permeate;before_backwash;Ibuprofen;1.52;0.45
472;20201214;BODAC_1_effluent;after_backwash;Ibuprofen;NA;NA
473;20201214;BODAC_1_effluent;before_backwash;Ibuprofen;NA;NA
474;20201214;BODAC_2_effluent;after_backwash;Ibuprofen;NA;NA
475;20201214;BODAC_2_effluent;before_backwash;Ibuprofen;NA;NA
476;20201214;UF_permeate;after_backwash;Ibuprofen;NA;NA
477;20201214;UF_permeate;before_backwash;Ibuprofen;NA;NA
478;20210317;BODAC_1_effluent;after_backwash;Ibuprofen;NA;NA
479;20210317;BODAC_1_effluent;before_backwash;Ibuprofen;NA;NA
480;20210317;BODAC_2_effluent;after_backwash;Ibuprofen;NA;NA
481;20210317;BODAC_2_effluent;before_backwash;Ibuprofen;NA;NA
482;20210317;UF_permeate;after_backwash;Ibuprofen;NA;NA
483;20210317;UF_permeate;before_backwash;Ibuprofen;NA;NA
484;20210325;BODAC_1_effluent;before_backwash;Ibuprofen;NA;NA
485;20210325;BODAC_2_effluent;before_backwash;Ibuprofen;NA;NA
486;20210325;UF_permeate;before_backwash;Ibuprofen;NA;NA
487;20210616;BODAC_1_effluent;after_backwash;Ibuprofen;NA;NA
488;20210616;BODAC_1_effluent;before_backwash;Ibuprofen;NA;NA
489;20210616;BODAC_2_effluent;after_backwash;Ibuprofen;NA;NA
490;20210616;BODAC_2_effluent;before_backwash;Ibuprofen;NA;NA
491;20210616;UF_permeate;after_backwash;Ibuprofen;NA;NA
492;20210616;UF_permeate;before_backwash;Ibuprofen;NA;NA
493;20210901;BODAC_1_effluent;after_backwash;Ibuprofen;NA;NA
494;20210901;BODAC_1_effluent;before_backwash;Ibuprofen;NA;NA
495;20210901;BODAC_2_effluent;after_backwash;Ibuprofen;NA;NA
496;20210901;BODAC_2_effluent;before_backwash;Ibuprofen;NA;NA
497;20210901;UF_permeate;after_backwash;Ibuprofen;NA;NA
498;20210901;UF_permeate;before_backwash;Ibuprofen;NA;NA
499;20210908;BODAC_1_effluent;after_backwash;Ibuprofen;NA;NA
500;20210908;BODAC_1_effluent;before_backwash;Ibuprofen;NA;NA
501;20210908;BODAC_2_effluent;after_backwash;Ibuprofen;NA;NA
502;20210908;BODAC_2_effluent;before_backwash;Ibuprofen;NA;NA
503;20210908;UF_permeate;after_backwash;Ibuprofen;NA;NA
504;20210908;UF_permeate;before_backwash;Ibuprofen;NA;NA
505;20190911;BODAC_1_effluent;after_backwash;irbesartan;0.47;NA
506;20190911;BODAC_1_effluent;before_backwash;irbesartan;0.61;NA
507;20190911;BODAC_2_effluent;after_backwash;irbesartan;0.07;NA
508;20190911;BODAC_2_effluent;before_backwash;irbesartan;0.12;NA
509;20190911;UF_permeate;after_backwash;irbesartan;0.58;NA
510;20190911;UF_permeate;before_backwash;irbesartan;0.8;NA
511;20191212;BODAC_1_effluent;after_backwash;irbesartan;0.58;0.01
512;20191212;BODAC_1_effluent;before_backwash;irbesartan;0.63;0.03
513;20191212;BODAC_2_effluent;after_backwash;irbesartan;0.17;0.01
514;20191212;BODAC_2_effluent;before_backwash;irbesartan;0.2;0.03
515;20191212;UF_permeate;after_backwash;irbesartan;0.8;0.03
516;20191212;UF_permeate;before_backwash;irbesartan;0.95;0.03
517;20200304;BODAC_1_effluent;after_backwash;irbesartan;0.57;0.02
518;20200304;BODAC_1_effluent;before_backwash;irbesartan;0.65;0.02
519;20200304;BODAC_2_effluent;after_backwash;irbesartan;0.17;0
520;20200304;BODAC_2_effluent;before_backwash;irbesartan;0.32;0.02
521;20200304;UF_permeate;after_backwash;irbesartan;0.68;0.01
522;20200304;UF_permeate;before_backwash;irbesartan;0.71;0.04
523;20200625;BODAC_1_effluent;after_backwash;irbesartan;0.89;0.01
524;20200625;BODAC_1_effluent;before_backwash;irbesartan;1.17;0.03
525;20200625;BODAC_2_effluent;after_backwash;irbesartan;0.09;0
526;20200625;BODAC_2_effluent;before_backwash;irbesartan;0.2;0
527;20200625;UF_permeate;after_backwash;irbesartan;1.09;0.01
528;20200625;UF_permeate;before_backwash;irbesartan;1.41;0.03
529;20200915;BODAC_1_effluent;after_backwash;irbesartan;0.99;0.02
530;20200915;BODAC_1_effluent;before_backwash;irbesartan;1.05;0.03
531;20200915;BODAC_2_effluent;after_backwash;irbesartan;0.14;0
532;20200915;BODAC_2_effluent;before_backwash;irbesartan;0.18;0.01
533;20200915;UF_permeate;after_backwash;irbesartan;1.11;0.01
534;20200915;UF_permeate;before_backwash;irbesartan;1.59;0.08
535;20201214;BODAC_1_effluent;after_backwash;irbesartan;0.6;0.05
536;20201214;BODAC_1_effluent;before_backwash;irbesartan;1.12;0.03
537;20201214;BODAC_2_effluent;after_backwash;irbesartan;0.15;0.04
538;20201214;BODAC_2_effluent;before_backwash;irbesartan;0.3;0.04
539;20201214;UF_permeate;after_backwash;irbesartan;0.69;0.08
540;20201214;UF_permeate;before_backwash;irbesartan;1.36;0.06
541;20210317;BODAC_1_effluent;after_backwash;irbesartan;0.58;0.01
542;20210317;BODAC_1_effluent;before_backwash;irbesartan;0.17;0
543;20210317;BODAC_2_effluent;after_backwash;irbesartan;0.22;0.01
544;20210317;BODAC_2_effluent;before_backwash;irbesartan;0.15;0.01
545;20210317;UF_permeate;after_backwash;irbesartan;0.65;0.06
546;20210317;UF_permeate;before_backwash;irbesartan;0.62;0.02
547;20210325;BODAC_1_effluent;before_backwash;irbesartan;1.23;0.04
548;20210325;BODAC_2_effluent;before_backwash;irbesartan;0.52;0.02
549;20210325;UF_permeate;before_backwash;irbesartan;1.41;0.07
550;20210616;BODAC_1_effluent;after_backwash;irbesartan;0.19;0.03
551;20210616;BODAC_1_effluent;before_backwash;irbesartan;NA;NA
552;20210616;BODAC_2_effluent;after_backwash;irbesartan;NA;NA
553;20210616;BODAC_2_effluent;before_backwash;irbesartan;NA;NA
554;20210616;UF_permeate;after_backwash;irbesartan;0.15;0.01
555;20210616;UF_permeate;before_backwash;irbesartan;0.64;0.01
556;20210901;BODAC_1_effluent;after_backwash;irbesartan;0.51;0.04
557;20210901;BODAC_1_effluent;before_backwash;irbesartan;0.85;0
558;20210901;BODAC_2_effluent;after_backwash;irbesartan;0.06;0
559;20210901;BODAC_2_effluent;before_backwash;irbesartan;0.1;0.01
560;20210901;UF_permeate;after_backwash;irbesartan;1.1;0
561;20210901;UF_permeate;before_backwash;irbesartan;1.24;0
562;20210908;BODAC_1_effluent;after_backwash;irbesartan;0.95;0.03
563;20210908;BODAC_1_effluent;before_backwash;irbesartan;1.14;0
564;20210908;BODAC_2_effluent;after_backwash;irbesartan;0.08;0.01
565;20210908;BODAC_2_effluent;before_backwash;irbesartan;0.08;0
566;20210908;UF_permeate;after_backwash;irbesartan;1.54;0.04
567;20210908;UF_permeate;before_backwash;irbesartan;1.76;0.01
568;20190911;BODAC_1_effluent;after_backwash;ketoprofen;0;NA
569;20190911;BODAC_1_effluent;before_backwash;ketoprofen;0;NA
570;20190911;BODAC_2_effluent;after_backwash;ketoprofen;0;NA
571;20190911;BODAC_2_effluent;before_backwash;ketoprofen;0;NA
572;20190911;UF_permeate;after_backwash;ketoprofen;0;NA
573;20190911;UF_permeate;before_backwash;ketoprofen;0;NA
574;20191212;BODAC_1_effluent;after_backwash;ketoprofen;NA;NA
575;20191212;BODAC_1_effluent;before_backwash;ketoprofen;NA;NA
576;20191212;BODAC_2_effluent;after_backwash;ketoprofen;NA;NA
577;20191212;BODAC_2_effluent;before_backwash;ketoprofen;NA;NA
578;20191212;UF_permeate;after_backwash;ketoprofen;NA;NA
579;20191212;UF_permeate;before_backwash;ketoprofen;NA;NA
580;20200304;BODAC_1_effluent;after_backwash;ketoprofen;NA;NA
581;20200304;BODAC_1_effluent;before_backwash;ketoprofen;NA;NA
582;20200304;BODAC_2_effluent;after_backwash;ketoprofen;NA;NA
583;20200304;BODAC_2_effluent;before_backwash;ketoprofen;NA;NA
584;20200304;UF_permeate;after_backwash;ketoprofen;NA;NA
585;20200304;UF_permeate;before_backwash;ketoprofen;NA;NA
586;20200625;BODAC_1_effluent;after_backwash;ketoprofen;NA;NA
587;20200625;BODAC_1_effluent;before_backwash;ketoprofen;NA;NA
588;20200625;BODAC_2_effluent;after_backwash;ketoprofen;NA;NA
589;20200625;BODAC_2_effluent;before_backwash;ketoprofen;NA;NA
590;20200625;UF_permeate;after_backwash;ketoprofen;NA;NA
591;20200625;UF_permeate;before_backwash;ketoprofen;NA;NA
592;20200915;BODAC_1_effluent;after_backwash;ketoprofen;NA;NA
593;20200915;BODAC_1_effluent;before_backwash;ketoprofen;NA;NA
594;20200915;BODAC_2_effluent;after_backwash;ketoprofen;NA;NA
595;20200915;BODAC_2_effluent;before_backwash;ketoprofen;NA;NA
596;20200915;UF_permeate;after_backwash;ketoprofen;NA;NA
597;20200915;UF_permeate;before_backwash;ketoprofen;0.06;NA
598;20201214;BODAC_1_effluent;after_backwash;ketoprofen;NA;NA
599;20201214;BODAC_1_effluent;before_backwash;ketoprofen;NA;NA
600;20201214;BODAC_2_effluent;after_backwash;ketoprofen;NA;NA
601;20201214;BODAC_2_effluent;before_backwash;ketoprofen;NA;NA
602;20201214;UF_permeate;after_backwash;ketoprofen;NA;NA
603;20201214;UF_permeate;before_backwash;ketoprofen;NA;NA
604;20210317;BODAC_1_effluent;after_backwash;ketoprofen;NA;NA
605;20210317;BODAC_1_effluent;before_backwash;ketoprofen;NA;NA
606;20210317;BODAC_2_effluent;after_backwash;ketoprofen;NA;NA
607;20210317;BODAC_2_effluent;before_backwash;ketoprofen;NA;NA
608;20210317;UF_permeate;after_backwash;ketoprofen;NA;NA
609;20210317;UF_permeate;before_backwash;ketoprofen;NA;NA
610;20210325;BODAC_1_effluent;before_backwash;ketoprofen;NA;NA
611;20210325;BODAC_2_effluent;before_backwash;ketoprofen;NA;NA
612;20210325;UF_permeate;before_backwash;ketoprofen;NA;NA
613;20210616;BODAC_1_effluent;after_backwash;ketoprofen;NA;NA
614;20210616;BODAC_1_effluent;before_backwash;ketoprofen;NA;NA
615;20210616;BODAC_2_effluent;after_backwash;ketoprofen;NA;NA
616;20210616;BODAC_2_effluent;before_backwash;ketoprofen;NA;NA
617;20210616;UF_permeate;after_backwash;ketoprofen;NA;NA
618;20210616;UF_permeate;before_backwash;ketoprofen;NA;NA
619;20210901;BODAC_1_effluent;after_backwash;ketoprofen;NA;NA
620;20210901;BODAC_1_effluent;before_backwash;ketoprofen;NA;NA
621;20210901;BODAC_2_effluent;after_backwash;ketoprofen;NA;NA
622;20210901;BODAC_2_effluent;before_backwash;ketoprofen;NA;NA
623;20210901;UF_permeate;after_backwash;ketoprofen;NA;NA
624;20210901;UF_permeate;before_backwash;ketoprofen;NA;NA
625;20210908;BODAC_1_effluent;after_backwash;ketoprofen;NA;NA
626;20210908;BODAC_1_effluent;before_backwash;ketoprofen;NA;NA
627;20210908;BODAC_2_effluent;after_backwash;ketoprofen;NA;NA
628;20210908;BODAC_2_effluent;before_backwash;ketoprofen;NA;NA
629;20210908;UF_permeate;after_backwash;ketoprofen;NA;NA
630;20210908;UF_permeate;before_backwash;ketoprofen;NA;NA
631;20190911;BODAC_1_effluent;after_backwash;lidocaine;0.01;NA
632;20190911;BODAC_1_effluent;before_backwash;lidocaine;0.02;NA
633;20190911;BODAC_2_effluent;after_backwash;lidocaine;0;NA
634;20190911;BODAC_2_effluent;before_backwash;lidocaine;0.01;NA
635;20190911;UF_permeate;after_backwash;lidocaine;0.14;NA
636;20190911;UF_permeate;before_backwash;lidocaine;0.15;NA
637;20191212;BODAC_1_effluent;after_backwash;lidocaine;NA;NA
638;20191212;BODAC_1_effluent;before_backwash;lidocaine;NA;NA
639;20191212;BODAC_2_effluent;after_backwash;lidocaine;NA;NA
640;20191212;BODAC_2_effluent;before_backwash;lidocaine;NA;NA
641;20191212;UF_permeate;after_backwash;lidocaine;0.13;0.01
642;20191212;UF_permeate;before_backwash;lidocaine;0.15;0
643;20200304;BODAC_1_effluent;after_backwash;lidocaine;NA;NA
644;20200304;BODAC_1_effluent;before_backwash;lidocaine;NA;NA
645;20200304;BODAC_2_effluent;after_backwash;lidocaine;NA;NA
646;20200304;BODAC_2_effluent;before_backwash;lidocaine;NA;NA
647;20200304;UF_permeate;after_backwash;lidocaine;0.08;0.01
648;20200304;UF_permeate;before_backwash;lidocaine;0.1;0.01
649;20200625;BODAC_1_effluent;after_backwash;lidocaine;NA;NA
650;20200625;BODAC_1_effluent;before_backwash;lidocaine;NA;NA
651;20200625;BODAC_2_effluent;after_backwash;lidocaine;NA;NA
652;20200625;BODAC_2_effluent;before_backwash;lidocaine;NA;NA
653;20200625;UF_permeate;after_backwash;lidocaine;0.15;0.01
654;20200625;UF_permeate;before_backwash;lidocaine;0.22;0.01
655;20200915;BODAC_1_effluent;after_backwash;lidocaine;NA;NA
656;20200915;BODAC_1_effluent;before_backwash;lidocaine;NA;NA
657;20200915;BODAC_2_effluent;after_backwash;lidocaine;NA;NA
658;20200915;BODAC_2_effluent;before_backwash;lidocaine;NA;NA
659;20200915;UF_permeate;after_backwash;lidocaine;0.11;0
660;20200915;UF_permeate;before_backwash;lidocaine;0.14;0.01
661;20201214;BODAC_1_effluent;after_backwash;lidocaine;NA;NA
662;20201214;BODAC_1_effluent;before_backwash;lidocaine;NA;NA
663;20201214;BODAC_2_effluent;after_backwash;lidocaine;NA;NA
664;20201214;BODAC_2_effluent;before_backwash;lidocaine;NA;NA
665;20201214;UF_permeate;after_backwash;lidocaine;0.07;NA
666;20201214;UF_permeate;before_backwash;lidocaine;0.12;0.04
667;20210317;BODAC_1_effluent;after_backwash;lidocaine;NA;NA
668;20210317;BODAC_1_effluent;before_backwash;lidocaine;NA;NA
669;20210317;BODAC_2_effluent;after_backwash;lidocaine;NA;NA
670;20210317;BODAC_2_effluent;before_backwash;lidocaine;NA;NA
671;20210317;UF_permeate;after_backwash;lidocaine;0.08;0.01
672;20210317;UF_permeate;before_backwash;lidocaine;0.09;0
673;20210325;BODAC_1_effluent;before_backwash;lidocaine;NA;NA
674;20210325;BODAC_2_effluent;before_backwash;lidocaine;NA;NA
675;20210325;UF_permeate;before_backwash;lidocaine;0.16;0.01
676;20210616;BODAC_1_effluent;after_backwash;lidocaine;NA;NA
677;20210616;BODAC_1_effluent;before_backwash;lidocaine;NA;NA
678;20210616;BODAC_2_effluent;after_backwash;lidocaine;NA;NA
679;20210616;BODAC_2_effluent;before_backwash;lidocaine;NA;NA
680;20210616;UF_permeate;after_backwash;lidocaine;NA;NA
681;20210616;UF_permeate;before_backwash;lidocaine;0.09;0
682;20210901;BODAC_1_effluent;after_backwash;lidocaine;NA;NA
683;20210901;BODAC_1_effluent;before_backwash;lidocaine;NA;NA
684;20210901;BODAC_2_effluent;after_backwash;lidocaine;NA;NA
685;20210901;BODAC_2_effluent;before_backwash;lidocaine;NA;NA
686;20210901;UF_permeate;after_backwash;lidocaine;0.11;0.01
687;20210901;UF_permeate;before_backwash;lidocaine;0.14;0.01
688;20210908;BODAC_1_effluent;after_backwash;lidocaine;NA;NA
689;20210908;BODAC_1_effluent;before_backwash;lidocaine;NA;NA
690;20210908;BODAC_2_effluent;after_backwash;lidocaine;NA;NA
691;20210908;BODAC_2_effluent;before_backwash;lidocaine;NA;NA
692;20210908;UF_permeate;after_backwash;lidocaine;0.16;0.01
693;20210908;UF_permeate;before_backwash;lidocaine;0.18;0.01
694;20190911;BODAC_1_effluent;after_backwash;metoprolol;0.21;NA
695;20190911;BODAC_1_effluent;before_backwash;metoprolol;0.16;NA
696;20190911;BODAC_2_effluent;after_backwash;metoprolol;0.04;NA
697;20190911;BODAC_2_effluent;before_backwash;metoprolol;0;NA
698;20190911;UF_permeate;after_backwash;metoprolol;0.91;NA
699;20190911;UF_permeate;before_backwash;metoprolol;1.22;NA
700;20191212;BODAC_1_effluent;after_backwash;metoprolol;0.33;0.06
701;20191212;BODAC_1_effluent;before_backwash;metoprolol;0.3;0.06
702;20191212;BODAC_2_effluent;after_backwash;metoprolol;NA;NA
703;20191212;BODAC_2_effluent;before_backwash;metoprolol;NA;NA
704;20191212;UF_permeate;after_backwash;metoprolol;1.16;0.02
705;20191212;UF_permeate;before_backwash;metoprolol;1.43;0.03
706;20200304;BODAC_1_effluent;after_backwash;metoprolol;0.31;0.03
707;20200304;BODAC_1_effluent;before_backwash;metoprolol;0.36;0.05
708;20200304;BODAC_2_effluent;after_backwash;metoprolol;0.07;0.01
709;20200304;BODAC_2_effluent;before_backwash;metoprolol;NA;NA
710;20200304;UF_permeate;after_backwash;metoprolol;0.93;0.05
711;20200304;UF_permeate;before_backwash;metoprolol;1.08;0
712;20200625;BODAC_1_effluent;after_backwash;metoprolol;0.35;0.02
713;20200625;BODAC_1_effluent;before_backwash;metoprolol;0.31;0.04
714;20200625;BODAC_2_effluent;after_backwash;metoprolol;0.06;0.01
715;20200625;BODAC_2_effluent;before_backwash;metoprolol;NA;NA
716;20200625;UF_permeate;after_backwash;metoprolol;1.52;0.07
717;20200625;UF_permeate;before_backwash;metoprolol;1.97;0.08
718;20200915;BODAC_1_effluent;after_backwash;metoprolol;0.4;0.01
719;20200915;BODAC_1_effluent;before_backwash;metoprolol;0.28;0.02
720;20200915;BODAC_2_effluent;after_backwash;metoprolol;NA;NA
721;20200915;BODAC_2_effluent;before_backwash;metoprolol;NA;NA
722;20200915;UF_permeate;after_backwash;metoprolol;1.37;0.04
723;20200915;UF_permeate;before_backwash;metoprolol;1.99;0.07
724;20201214;BODAC_1_effluent;after_backwash;metoprolol;0.37;0.06
725;20201214;BODAC_1_effluent;before_backwash;metoprolol;0.34;0.04
726;20201214;BODAC_2_effluent;after_backwash;metoprolol;0.06;NA
727;20201214;BODAC_2_effluent;before_backwash;metoprolol;NA;NA
728;20201214;UF_permeate;after_backwash;metoprolol;0.8;0.01
729;20201214;UF_permeate;before_backwash;metoprolol;1.62;0.05
730;20210317;BODAC_1_effluent;after_backwash;metoprolol;0.49;0
731;20210317;BODAC_1_effluent;before_backwash;metoprolol;0.48;0.01
732;20210317;BODAC_2_effluent;after_backwash;metoprolol;0.21;0.04
733;20210317;BODAC_2_effluent;before_backwash;metoprolol;0.14;0.03
734;20210317;UF_permeate;after_backwash;metoprolol;0.87;0
735;20210317;UF_permeate;before_backwash;metoprolol;0.86;0.01
736;20210325;BODAC_1_effluent;before_backwash;metoprolol;0.78;0.01
737;20210325;BODAC_2_effluent;before_backwash;metoprolol;0.21;0.02
738;20210325;UF_permeate;before_backwash;metoprolol;1.75;0.14
739;20210616;BODAC_1_effluent;after_backwash;metoprolol;0.23;0.02
740;20210616;BODAC_1_effluent;before_backwash;metoprolol;0.36;0.01
741;20210616;BODAC_2_effluent;after_backwash;metoprolol;0.07;0.01
742;20210616;BODAC_2_effluent;before_backwash;metoprolol;0.11;0
743;20210616;UF_permeate;after_backwash;metoprolol;0.25;0.01
744;20210616;UF_permeate;before_backwash;metoprolol;0.81;0.02
745;20210901;BODAC_1_effluent;after_backwash;metoprolol;0.35;0.06
746;20210901;BODAC_1_effluent;before_backwash;metoprolol;0.3;0
747;20210901;BODAC_2_effluent;after_backwash;metoprolol;NA;NA
748;20210901;BODAC_2_effluent;before_backwash;metoprolol;NA;NA
749;20210901;UF_permeate;after_backwash;metoprolol;1.54;0.02
750;20210901;UF_permeate;before_backwash;metoprolol;1.67;0.16
751;20210908;BODAC_1_effluent;after_backwash;metoprolol;0.39;0.04
752;20210908;BODAC_1_effluent;before_backwash;metoprolol;0.24;0
753;20210908;BODAC_2_effluent;after_backwash;metoprolol;NA;NA
754;20210908;BODAC_2_effluent;before_backwash;metoprolol;NA;NA
755;20210908;UF_permeate;after_backwash;metoprolol;1.77;0.15
756;20210908;UF_permeate;before_backwash;metoprolol;2.03;0.04
757;20190911;BODAC_1_effluent;after_backwash;propranolol;0.01;NA
758;20190911;BODAC_1_effluent;before_backwash;propranolol;0.01;NA
759;20190911;BODAC_2_effluent;after_backwash;propranolol;0;NA
760;20190911;BODAC_2_effluent;before_backwash;propranolol;0;NA
761;20190911;UF_permeate;after_backwash;propranolol;0.08;NA
762;20190911;UF_permeate;before_backwash;propranolol;0.07;NA
763;20191212;BODAC_1_effluent;after_backwash;propranolol;NA;NA
764;20191212;BODAC_1_effluent;before_backwash;propranolol;NA;NA
765;20191212;BODAC_2_effluent;after_backwash;propranolol;NA;NA
766;20191212;BODAC_2_effluent;before_backwash;propranolol;NA;NA
767;20191212;UF_permeate;after_backwash;propranolol;NA;NA
768;20191212;UF_permeate;before_backwash;propranolol;0.12;NA
769;20200304;BODAC_1_effluent;after_backwash;propranolol;NA;NA
770;20200304;BODAC_1_effluent;before_backwash;propranolol;NA;NA
771;20200304;BODAC_2_effluent;after_backwash;propranolol;NA;NA
772;20200304;BODAC_2_effluent;before_backwash;propranolol;NA;NA
773;20200304;UF_permeate;after_backwash;propranolol;NA;NA
774;20200304;UF_permeate;before_backwash;propranolol;NA;NA
775;20200625;BODAC_1_effluent;after_backwash;propranolol;NA;NA
776;20200625;BODAC_1_effluent;before_backwash;propranolol;NA;NA
777;20200625;BODAC_2_effluent;after_backwash;propranolol;NA;NA
778;20200625;BODAC_2_effluent;before_backwash;propranolol;NA;NA
779;20200625;UF_permeate;after_backwash;propranolol;0.12;0.02
780;20200625;UF_permeate;before_backwash;propranolol;0.12;0.01
781;20200915;BODAC_1_effluent;after_backwash;propranolol;NA;NA
782;20200915;BODAC_1_effluent;before_backwash;propranolol;NA;NA
783;20200915;BODAC_2_effluent;after_backwash;propranolol;NA;NA
784;20200915;BODAC_2_effluent;before_backwash;propranolol;NA;NA
785;20200915;UF_permeate;after_backwash;propranolol;NA;NA
786;20200915;UF_permeate;before_backwash;propranolol;0.11;0.01
787;20201214;BODAC_1_effluent;after_backwash;propranolol;NA;NA
788;20201214;BODAC_1_effluent;before_backwash;propranolol;NA;NA
789;20201214;BODAC_2_effluent;after_backwash;propranolol;NA;NA
790;20201214;BODAC_2_effluent;before_backwash;propranolol;NA;NA
791;20201214;UF_permeate;after_backwash;propranolol;NA;NA
792;20201214;UF_permeate;before_backwash;propranolol;0.1;0.05
793;20210317;BODAC_1_effluent;after_backwash;propranolol;NA;NA
794;20210317;BODAC_1_effluent;before_backwash;propranolol;NA;NA
795;20210317;BODAC_2_effluent;after_backwash;propranolol;NA;NA
796;20210317;BODAC_2_effluent;before_backwash;propranolol;NA;NA
797;20210317;UF_permeate;after_backwash;propranolol;0.08;NA
798;20210317;UF_permeate;before_backwash;propranolol;0.07;0
799;20210325;BODAC_1_effluent;before_backwash;propranolol;NA;NA
800;20210325;BODAC_2_effluent;before_backwash;propranolol;NA;NA
801;20210325;UF_permeate;before_backwash;propranolol;0.13;0.01
802;20210616;BODAC_1_effluent;after_backwash;propranolol;NA;NA
803;20210616;BODAC_1_effluent;before_backwash;propranolol;NA;NA
804;20210616;BODAC_2_effluent;after_backwash;propranolol;NA;NA
805;20210616;BODAC_2_effluent;before_backwash;propranolol;NA;NA
806;20210616;UF_permeate;after_backwash;propranolol;0.06;0
807;20210616;UF_permeate;before_backwash;propranolol;0.08;0.01
808;20210901;BODAC_1_effluent;after_backwash;propranolol;NA;NA
809;20210901;BODAC_1_effluent;before_backwash;propranolol;NA;NA
810;20210901;BODAC_2_effluent;after_backwash;propranolol;NA;NA
811;20210901;BODAC_2_effluent;before_backwash;propranolol;NA;NA
812;20210901;UF_permeate;after_backwash;propranolol;0.07;0.01
813;20210901;UF_permeate;before_backwash;propranolol;0.1;0.01
814;20210908;BODAC_1_effluent;after_backwash;propranolol;NA;NA
815;20210908;BODAC_1_effluent;before_backwash;propranolol;NA;NA
816;20210908;BODAC_2_effluent;after_backwash;propranolol;NA;NA
817;20210908;BODAC_2_effluent;before_backwash;propranolol;NA;NA
818;20210908;UF_permeate;after_backwash;propranolol;0.08;0
819;20210908;UF_permeate;before_backwash;propranolol;0.12;0.03
820;20190911;BODAC_1_effluent;after_backwash;sotalol;0.02;NA
821;20190911;BODAC_1_effluent;before_backwash;sotalol;0.02;NA
822;20190911;BODAC_2_effluent;after_backwash;sotalol;0;NA
823;20190911;BODAC_2_effluent;before_backwash;sotalol;0;NA
824;20190911;UF_permeate;after_backwash;sotalol;0.42;NA
825;20190911;UF_permeate;before_backwash;sotalol;0.56;NA
826;20191212;BODAC_1_effluent;after_backwash;sotalol;NA;NA
827;20191212;BODAC_1_effluent;before_backwash;sotalol;NA;NA
828;20191212;BODAC_2_effluent;after_backwash;sotalol;NA;NA
829;20191212;BODAC_2_effluent;before_backwash;sotalol;0.31;NA
830;20191212;UF_permeate;after_backwash;sotalol;0.68;0.07
831;20191212;UF_permeate;before_backwash;sotalol;0.87;0.07
832;20200304;BODAC_1_effluent;after_backwash;sotalol;NA;NA
833;20200304;BODAC_1_effluent;before_backwash;sotalol;NA;NA
834;20200304;BODAC_2_effluent;after_backwash;sotalol;NA;NA
835;20200304;BODAC_2_effluent;before_backwash;sotalol;NA;NA
836;20200304;UF_permeate;after_backwash;sotalol;0.51;0.01
837;20200304;UF_permeate;before_backwash;sotalol;0.62;0.08
838;20200625;BODAC_1_effluent;after_backwash;sotalol;NA;NA
839;20200625;BODAC_1_effluent;before_backwash;sotalol;NA;NA
840;20200625;BODAC_2_effluent;after_backwash;sotalol;NA;NA
841;20200625;BODAC_2_effluent;before_backwash;sotalol;NA;NA
842;20200625;UF_permeate;after_backwash;sotalol;0.74;0.02
843;20200625;UF_permeate;before_backwash;sotalol;1.01;0.03
844;20200915;BODAC_1_effluent;after_backwash;sotalol;NA;NA
845;20200915;BODAC_1_effluent;before_backwash;sotalol;NA;NA
846;20200915;BODAC_2_effluent;after_backwash;sotalol;NA;NA
847;20200915;BODAC_2_effluent;before_backwash;sotalol;NA;NA
848;20200915;UF_permeate;after_backwash;sotalol;0.73;0.01
849;20200915;UF_permeate;before_backwash;sotalol;1.1;0.01
850;20201214;BODAC_1_effluent;after_backwash;sotalol;NA;NA
851;20201214;BODAC_1_effluent;before_backwash;sotalol;0.06;NA
852;20201214;BODAC_2_effluent;after_backwash;sotalol;NA;NA
853;20201214;BODAC_2_effluent;before_backwash;sotalol;NA;NA
854;20201214;UF_permeate;after_backwash;sotalol;0.4;0.04
855;20201214;UF_permeate;before_backwash;sotalol;0.88;0.05
856;20210317;BODAC_1_effluent;after_backwash;sotalol;NA;NA
857;20210317;BODAC_1_effluent;before_backwash;sotalol;NA;NA
858;20210317;BODAC_2_effluent;after_backwash;sotalol;NA;NA
859;20210317;BODAC_2_effluent;before_backwash;sotalol;NA;NA
860;20210317;UF_permeate;after_backwash;sotalol;0.44;0.01
861;20210317;UF_permeate;before_backwash;sotalol;0.44;0.02
862;20210325;BODAC_1_effluent;before_backwash;sotalol;0.12;0.01
863;20210325;BODAC_2_effluent;before_backwash;sotalol;NA;NA
864;20210325;UF_permeate;before_backwash;sotalol;0.92;0.02
865;20210616;BODAC_1_effluent;after_backwash;sotalol;NA;NA
866;20210616;BODAC_1_effluent;before_backwash;sotalol;NA;NA
867;20210616;BODAC_2_effluent;after_backwash;sotalol;NA;NA
868;20210616;BODAC_2_effluent;before_backwash;sotalol;NA;NA
869;20210616;UF_permeate;after_backwash;sotalol;0.1;0.01
870;20210616;UF_permeate;before_backwash;sotalol;0.46;0.01
871;20210901;BODAC_1_effluent;after_backwash;sotalol;NA;NA
872;20210901;BODAC_1_effluent;before_backwash;sotalol;NA;NA
873;20210901;BODAC_2_effluent;after_backwash;sotalol;NA;NA
874;20210901;BODAC_2_effluent;before_backwash;sotalol;NA;NA
875;20210901;UF_permeate;after_backwash;sotalol;0.6;0.04
876;20210901;UF_permeate;before_backwash;sotalol;0.7;0
877;20210908;BODAC_1_effluent;after_backwash;sotalol;NA;NA
878;20210908;BODAC_1_effluent;before_backwash;sotalol;NA;NA
879;20210908;BODAC_2_effluent;after_backwash;sotalol;NA;NA
880;20210908;BODAC_2_effluent;before_backwash;sotalol;NA;NA
881;20210908;UF_permeate;after_backwash;sotalol;0.8;0.06
882;20210908;UF_permeate;before_backwash;sotalol;0.91;0.03
883;20190911;BODAC_1_effluent;after_backwash;trimethoprim;0;NA
884;20190911;BODAC_1_effluent;before_backwash;trimethoprim;0;NA
885;20190911;BODAC_2_effluent;after_backwash;trimethoprim;0;NA
886;20190911;BODAC_2_effluent;before_backwash;trimethoprim;0;NA
887;20190911;UF_permeate;after_backwash;trimethoprim;0;NA
888;20190911;UF_permeate;before_backwash;trimethoprim;0;NA
889;20191212;BODAC_1_effluent;after_backwash;trimethoprim;NA;NA
890;20191212;BODAC_1_effluent;before_backwash;trimethoprim;NA;NA
891;20191212;BODAC_2_effluent;after_backwash;trimethoprim;NA;NA
892;20191212;BODAC_2_effluent;before_backwash;trimethoprim;NA;NA
893;20191212;UF_permeate;after_backwash;trimethoprim;0.08;0.01
894;20191212;UF_permeate;before_backwash;trimethoprim;0.09;0.08
895;20200304;BODAC_1_effluent;after_backwash;trimethoprim;0.03;NA
896;20200304;BODAC_1_effluent;before_backwash;trimethoprim;NA;NA
897;20200304;BODAC_2_effluent;after_backwash;trimethoprim;NA;NA
898;20200304;BODAC_2_effluent;before_backwash;trimethoprim;NA;NA
899;20200304;UF_permeate;after_backwash;trimethoprim;0.09;0.01
900;20200304;UF_permeate;before_backwash;trimethoprim;0.11;0.01
901;20200625;BODAC_1_effluent;after_backwash;trimethoprim;NA;NA
902;20200625;BODAC_1_effluent;before_backwash;trimethoprim;NA;NA
903;20200625;BODAC_2_effluent;after_backwash;trimethoprim;NA;NA
904;20200625;BODAC_2_effluent;before_backwash;trimethoprim;NA;NA
905;20200625;UF_permeate;after_backwash;trimethoprim;0.1;0.03
906;20200625;UF_permeate;before_backwash;trimethoprim;0.16;0.01
907;20200915;BODAC_1_effluent;after_backwash;trimethoprim;NA;NA
908;20200915;BODAC_1_effluent;before_backwash;trimethoprim;NA;NA
909;20200915;BODAC_2_effluent;after_backwash;trimethoprim;NA;NA
910;20200915;BODAC_2_effluent;before_backwash;trimethoprim;NA;NA
911;20200915;UF_permeate;after_backwash;trimethoprim;0.07;0.01
912;20200915;UF_permeate;before_backwash;trimethoprim;0.11;0.02
913;20201214;BODAC_1_effluent;after_backwash;trimethoprim;NA;NA
914;20201214;BODAC_1_effluent;before_backwash;trimethoprim;NA;NA
915;20201214;BODAC_2_effluent;after_backwash;trimethoprim;NA;NA
916;20201214;BODAC_2_effluent;before_backwash;trimethoprim;NA;NA
917;20201214;UF_permeate;after_backwash;trimethoprim;0.09;NA
918;20201214;UF_permeate;before_backwash;trimethoprim;0.14;0.02
919;20210317;BODAC_1_effluent;after_backwash;trimethoprim;NA;NA
920;20210317;BODAC_1_effluent;before_backwash;trimethoprim;NA;NA
921;20210317;BODAC_2_effluent;after_backwash;trimethoprim;NA;NA
922;20210317;BODAC_2_effluent;before_backwash;trimethoprim;NA;NA
923;20210317;UF_permeate;after_backwash;trimethoprim;0.19;0.01
924;20210317;UF_permeate;before_backwash;trimethoprim;0.2;0.01
925;20210325;BODAC_1_effluent;before_backwash;trimethoprim;NA;NA
926;20210325;BODAC_2_effluent;before_backwash;trimethoprim;NA;NA
927;20210325;UF_permeate;before_backwash;trimethoprim;0.22;0.01
928;20210616;BODAC_1_effluent;after_backwash;trimethoprim;NA;NA
929;20210616;BODAC_1_effluent;before_backwash;trimethoprim;NA;NA
930;20210616;BODAC_2_effluent;after_backwash;trimethoprim;NA;NA
931;20210616;BODAC_2_effluent;before_backwash;trimethoprim;NA;NA
932;20210616;UF_permeate;after_backwash;trimethoprim;NA;NA
933;20210616;UF_permeate;before_backwash;trimethoprim;NA;NA
934;20210901;BODAC_1_effluent;after_backwash;trimethoprim;NA;NA
935;20210901;BODAC_1_effluent;before_backwash;trimethoprim;NA;NA
936;20210901;BODAC_2_effluent;after_backwash;trimethoprim;NA;NA
937;20210901;BODAC_2_effluent;before_backwash;trimethoprim;NA;NA
938;20210901;UF_permeate;after_backwash;trimethoprim;NA;NA
939;20210901;UF_permeate;before_backwash;trimethoprim;NA;NA
940;20210908;BODAC_1_effluent;after_backwash;trimethoprim;NA;NA
941;20210908;BODAC_1_effluent;before_backwash;trimethoprim;NA;NA
942;20210908;BODAC_2_effluent;after_backwash;trimethoprim;NA;NA
943;20210908;BODAC_2_effluent;before_backwash;trimethoprim;NA;NA
944;20210908;UF_permeate;after_backwash;trimethoprim;NA;NA
945;20210908;UF_permeate;before_backwash;trimethoprim;NA;NA